Description;Norwegian;English;German
Temple of Beginnings;"Ved tidens start, var ett fundament.
Én enkelt blokk, uten rammer, helt allpotent.
 I tomrommet den sto,
den slo seg til ro,
En tilfreds blokk som kjerneelement.

Verden vokste, hver generasjon var frekvent.
Strømmer av liv, nydelig og eksellent.
Verdens natur,
Med intensjon om struktur,
Ble Kjerneblokkens essens dens produsent.";"At the beginning of time, there was a foundation,
A single block, totally free with no limitation.
In an empty void,
It settled, overjoyed,
For what it just did, the Source block had started creation.

The world kept on growing with every generation.
And life kept on flowing, a beautiful sensation.
The nature of the world,
Intentions unfurled,
All essence of life flows out from the Source Block’s station.";…1
Rivergreen Lv.1;"De elsket det vannet som sildret av sted,
Det brakte forsoning og ekte fred.
Åsene ble deres hjem,
Alderdom vokste frem.
Mens de nøt synet av strømmen, så mektig og bred.";"Some love the waters, rushing wildly unceased,
But still so serene, with tranquility and peace.
They claimed the hills,
And felt so fulfilled.
They admired the water, and then were pleased.";…2
Rivergreen Lv.2;"De ville skue og beundre,
uten grunn til å undre.
Her fantes ingen plikt,
som skapte konflikt,
For alt som var nyttig, fikk slumre.";"They wanted no more than to sit and admire.
They just wanted peace, not even to inspire.
They wanted no work,
Nothing that could irk.
From anything strenuous, they wanted to retire.";…3
Rivergreen Lv.3;"En leder av rang satt lunt i sin skygge,
Han gjorde det ulovelig å begynne å bygge.
«Ingen bygg skal være her!»
«Bygg er kun til vårt besvær!!»
«Foruten post, bro eller brygge.»";"Their leader was a man, who felt so fulfilled,
He made it illegal to begin any build.
“No build shall be here,”
“No build shall be there,”
“Unless it’s a lookout, or a bridge in the hills!”";…4
Rivergreen Lv.4;"Han trengte ei noe høyt og flott,
Han ønsket seg ikke et langstragt slott.
Han tok allting med ro,
Lot behaget gro,
For målet var fred, ikke komplott.";"They didn’t need fancy or intricate things.
They didn’t need castles that were fit for a king.
Sit back and unwind,
And enjoy the good times.
They just wanted peace and nothing that stings.";…5
Rivergreen Lv.5;"Men hvor er visjonen nå?
Det som startet så godt, kunne ei bestå,
Med null aktivitet,
Og en slapp mentalitet,
Måtte samfunnet til slutt forgå.";"But with all this inaction, how long could it last?
It started so good but was over quite fast.
With nothing to do,
And no goal to pursue,
They dwindled and became a culture of the past.";…6
Sandlands Lv.1;"Når verden er hard, så alle må streve,
kan motgang gi iver og kraft til å leve.
En flokk ville bo,
I ørkenens glo,
Et meningsfult liv å kreve.";"When the climate is harsh and you need to survive,
It gives you passion, and it gives you a drive.
A group put in effort,
To live in the desert,
And after a while, they learned how to thrive.";…7
Sandlands Lv.2;"De levde forsonlig og bygde med klang.
På tross av hardt klima, de skrattet og sang.
«Skatten vil bli vår,»
«Selv om det vil ta oss år!»
For gleden var større enn skattenes trang.";"They lived in great peace and built some great things.
Despite the harsh climate, they would prosper and sing.
“Happy are we,”
“In the grainy sea!”
But could they face wealth, and whatever that brings?";…8
Sandlands Lv.3;"Han hadde en velstand som overgikk målet.
Et kammer han bygde der skatter fikk råde.
En leder så stor,
Vekket hatefulle ord.
Men suveren i sin makt, han fikk stråle.";"Their leader had greatness that no one could measure.
He made a great chamber and stored all his treasure.
A treasure so great,
It fostered some hate.
Knowing he was peerless, that gave him great pleasure.";…9
Sandlands Lv.4;"Et marked av handel de sprengte.
Alt kostet, selv det de trengte.
Det ble en splittet stat,
Noen sultet, andre fikk mat.
I et hardt klima som fikk dem til å lengte.";"In this culture they had wealth and items they would trade.
Not a thing there was free, not even imperative aid.
This made a divide.
Some rose and some cried.
The climate was harsh, and there was no shade.";…10
Sandlands Lv.5;"Lederen var en grusom blokk.
Men folket var sinte, de hadde fått nok.
«Slutt å plyndre oss!»
«Nå vil vi ut å sloss!»
Det som startet så flott, endte brått med sjokk.";"The leader was cruel, he was nothing but tough.
But the people hit their limit, they had been through enough.
“We won’t take it anymore!”
“We are going to war!”
It started with greatness, but the ending was rough.";…11
Frostfields Lv.1;"I landet mot nord, der vinden er kald,
lå isen begravd under snøens lette fall.
Der fant noen stor prakt,
og inngikk en pakt,
Om å slå seg til ro under vinterens kall.";"In the cold winter’s land, in the freezing breeze,
Where the snow floats around and the ice is at ease,
Some people found beauty,
And made it their duty,
To live in this place where the frost doesn’t cease.";…12
Frostfields Lv.2;"De elsket alt som glitret,
Med et håp og en drøm som sitret.
«Jeg vil bli vakker,»
«Slik som landets bakker.»
Og med ett var folket smigret.";"They loved how the ground just glittered and gleamed.
With a glimmer of hope, they yearned and they dreamed.
“My looks should be grand,”
“Akin to this land.”
They valued great beauty, so their customs were themed.";…13
Frostfields Lv.3;"En leder steg frem, både skjønn og pen.
På en skala til hundre, var hun hundre og én.
Hennes blokk var perfekt,
De falt om i affekt.
Men kunne hun stå på egne ben?";"A leader was chosen, her beauty was great,
On a scale up to six, her level was eight.
So fine was her block,
It often sparked shock.
But was that enough to lead people’s fate?";…14
Frostfields Lv.4;"Deres leder var vakker, og folket var glad,
Men evnen å lede var slett ikke bra.
Hun var alltid i tvil,
Og fikk sjeldent en hvil.
For hun tok ingen valg og sa aldri fra.";"The leader was pretty, her people were glad,
But frankly her skills as a leader were bad.
She was very unsure,
And quite insecure.
She couldn’t make choices, they just made her sad.";…15
Frostfields Lv.5;"Det gikk som det måtte med henne som leder.
Det ble slett ingen fremang på diverse steder.
Motivasjonen stoppet,
Og samfunnet floppet.
Et folk hadde mistet sine gleder.";"So how could it work, with such a bad leader?
Well nothing got better, and nothing got neater.
Motivation stopped flowing.
They couldn’t keep going.
They lost all their drive, and they fell from their teeter.";…16
Firevein Lv.1;"Dypt under bakken ved et flammende fjell,
Lå små grotter med brennende sprell.
En liten gjeng sanset,
Mens lavaen danset,
Noe i veggen med storslått appell.";"Deep in the caves, with rivers of fire,
Where elevation is lower, and temperature higher,
A small group did settle.
By the fire’s cettle,
They found in the walls a gorgeous desire.";…17
Firevein Lv.2;"De satte opp gruver, der gikk de berserk.
De knuste blokker og bygde sine verk.
Men savnet av tiden der ute,
Gav dem en annen rute.
De tok med alt de eide og dro dit solen sto sterk.";"They broke down the caves and set up their mines.
They mined many blocks and built some long lines.
But they missed the outside,
So they had to decide,
To bring all their things and go where sun shines.";…18
Firevein Lv.3;"En dag kom en kvinne som følte seg bekvem.
Hun svingte seg over kløfter og fant veien frem.
Dette var stedet
hvor hun bygde sitt rede.
En smie hun kalte sitt hjem.";"Then a strange woman found joy in the deep.
She swung across chasms and ravines that were steep.
This was the place,
Where she set up her base.
She built a great forge and called it her keep.";…19
Firevein Lv.4;"En smie ble bygd i de dypeste huler,
Den knuste blokker og slukte dem som smuler.
De ble smeltet til en pytt,
Og ut kom noe nytt,
Metall formet som blokker og moduler.";"In the fiery caves, a forge was erected.
It needed to be fueled, many blocks were collected.
It turned them askew,
And made something new.
It ate many blocks and metal was ejected.";…20
Firevein Lv.5;"Smien gjorde nytten, og kvinnen var på gli,
Men så kom det en farer inn på hennes sti.
Hun møtte en annen,
Som forandret alt sammen.
Hun slo seg til ro og forlot sin filosofi.";"She built something grand, a forge with great force,
But soon someone came and altered her course.
She encountered a man,
Who changed her plan.
She abandoned the forge and settled with remorse.";…21
Witchmire Lv.1;"Blant sumpenes myrer og skogkledde hager,
De med vidunderlig vakre og magiske blader,
Oppsto et samfunn,
Med samme livsgrunn,
Som snart skulle få små og store tirader.";"In the marshes of the swamp, in the cluster of trees,
With wonderful, beautiful and magical leaves,
A society had formed.
Together, they felt warm.
But how long can it last when no one agrees?";…22
Witchmire Lv.2;"De var ikke mange, de var ganske få.
Men lidenskap de hadde, de skrek seg gule og blå.
De elsket og de hylte
mens tårer hvert øye fylte.
Livet var herlig, og gleden så rå.";"There were not many people who lived in this place,
But their passion was strong, they screamed in their face.
They loved and they screamed,
And they blew off their steam,
And lived happily here with passion and grace.";…23
Witchmire Lv.3;"Men alt gikk på tverke da en jente fant sin sopp,
Med en vidunderlig vakker og magisk kropp.
Hun var stolt og kry,
Men den ble henne snart til bry.
Da livet hun kjente snart var sagt opp.";"But everything changed when a girl found a mushroom,
With a wonderful, beautiful and magical fume.
This made her glad,
But soon, she’d be sad.
She wasn’t aware this would end with a boom.";…24
Witchmire Lv.4;"Den magiske soppen utrettet så mangt.
Jenta brygget en drikk som lot henne vandre langt.
Hun viste den frem,
Men lengtet så hjem,
Da rommet for aksept var altfor trangt.";"The magical mushroom granted her powers.
She made an elixir and walked on for hours.
She let people see,
But they could not agree.
Was it really that good, or was it just sour?";…25
Witchmire Lv.5;"De stred om soppen som jenta hadde brakt,
Den med vidunderlig vakker og magisk prakt.
«Dette er ikke riktig!»
«Hva gjør denne soppen så viktig?»
Det endte i jakt, der målet var slakt.";"Some thought it was wrong to use the small bell,
With a wonderful, beautiful and magical smell.
“This cannot be right!”
“We must stand and fight!”
It ended in war, and this society fell.";…26
Metalworks Lv.1;"Det er lett å drømme, men vanskelig å bevare.
Hvordan kan vi lære av fortidens snare?
Jeg vil møte en ny dag!
Jeg vil leve i behag!
Jeg vil se noe praktfullt, noe jeg kan klare.";"It’s easy to dream, but can the dream last?
How can we change and learn from the past?
I want a new dawn!
I want to live on!
I want something great, I want something vast.";…27
Metalworks Lv.2;"Men hvordan kan jeg drømme når håpet er abstrakt?
Kan en blokk som meg oppnå slik prakt?
Er det galt å drømme?
Forsøker jeg å rømme?
Kan jeg lykkes og lande intakt?";"But how can I dream with so little hope?
How can small blocks achieve such a scope?
Am I wrong to dream?
Going down the wrong stream?
How can I reach and not fall down a slope?";…28
Metalworks Lv.3;"Hvorfor må vi her på jorden lide?
Begrensningene våre, de er morbide.
Hvorfor blir vi trette,
og hindret fra å ta oss til rette?
Når får vi komme fri og selv velge side?";"Why do we suffer? Why are we cursed?
These limitations, they are the worst.
Why must we tire,
Not reach what we desire?
When can we be free? When can this bubble burst?";…29
Metalworks Lv.4;"Har naturen hat i sitt hjerte?
Har den alltid ønsket oss smerte?
Nei, for innerst i mitt sinn,
Ser jeg at jeg må ha vært blind.
Det må finnes noe mer som gjør alt dette verdt det!";"Does nature itself have hatred in its heart?
Was it against us from the very start?
No, I must be blind,
To the reason behind.
There must be something more, there must be another part.";…30
Metalworks Lv.5;"Kan vi finne skjønnhet overalt hvor vi trår?
Er vi ment å verdsette det vi får?
Hva om dette er alt vi forventer,
Mens vi bygger opp verdens senter.
Da får vi alle tatt del frem til livet utgår.";"Maybe I must learn to see beauty where I’m at.
Maybe we’re meant to cherish every chat.
Maybe we’re meant for cooperation,
To build the world’s foundation.
Maybe life is short, and there’s beauty in that.";…31
